<?xml version="1.0"?>
<cluster>
  <name>universe</name>
  <zone>
    <zone-id>0</zone-id>
    <proximity-list>1</proximity-list>
  </zone>
  <zone>
    <zone-id>1</zone-id>
    <proximity-list>0</proximity-list>
  </zone>
  <server>
    <id>0</id>
    <host>localhost</host>
    <http-port>8080</http-port>
    <socket-port>6666</socket-port>
    <admin-port>6667</admin-port>
    <partitions>0,3</partitions>
    <zone-id>0</zone-id>
  </server>
  <server>
    <id>1</id>
    <host>localhost</host>
    <http-port>8082</http-port>
    <socket-port>6670</socket-port>
    <admin-port>6671</admin-port>
    <partitions>1,2</partitions>
    <zone-id>1</zone-id>
  </server>
</cluster>
