<?xml version="1.0"?>
<cluster>
  <name>cluster-with-two-zones</name>
  <zone>
    <zone-id>0</zone-id>
    <proximity-list>1</proximity-list>
  </zone>
  <zone>
    <zone-id>1</zone-id>
    <proximity-list>0</proximity-list>
  </zone>
  <server>
    <id>0</id>
    <host>localhost</host>
    <http-port>8080</http-port>
    <socket-port>6666</socket-port>
    <admin-port>6667</admin-port>
    <partitions>0,4,8,12</partitions>
    <zone-id>0</zone-id>
  </server>
  <server>
    <id>1</id>
    <host>localhost</host>
    <http-port>8081</http-port>
    <socket-port>6668</socket-port>
    <admin-port>6669</admin-port>
    <partitions>1,5,9,13</partitions>
    <zone-id>1</zone-id>
  </server>
  <server>
    <id>2</id>
    <host>localhost</host>
    <http-port>8082</http-port>
    <socket-port>6670</socket-port>
    <admin-port>6671</admin-port>
    <partitions>2,6,10,14</partitions>
    <zone-id>0</zone-id>
  </server>
  <server>
    <id>3</id>
    <host>localhost</host>
    <http-port>8083</http-port>
    <socket-port>6672</socket-port>
    <admin-port>6673</admin-port>
    <partitions>3,7,11,15</partitions>
    <zone-id>1</zone-id>
  </server>
</cluster>
